{"cameraMode":{"drawMode":0,"name":"Shaded","section":"Shading Mode"},"sceneLighting":false,"audioPlay":false,"sceneViewState":{"showFog":true,"showMaterialUpdate":true,"showSkybox":false,"showFlares":true,"showImageEffects":true,"showParticleSystems":true,"showVisualEffectGraphs":true,"m_FxEnabled":true},"in2DMode":false,"pivot":{"x":409.25128173828127,"y":346.2774658203125,"z":-177.97198486328126},"rotation":{"x":-0.04946783185005188,"y":0.39977845549583437,"z":-0.02161340042948723,"w":-0.9150217175483704},"size":1.0394542217254639,"orthographic":false}