{"cameraMode":{"drawMode":0,"name":"Shaded","section":"Shading Mode"},"sceneLighting":false,"audioPlay":false,"sceneViewState":{"showFog":true,"showMaterialUpdate":true,"showSkybox":false,"showFlares":true,"showImageEffects":true,"showParticleSystems":true,"showVisualEffectGraphs":true,"m_FxEnabled":true},"in2DMode":false,"pivot":{"x":326.1112060546875,"y":277.15704345703127,"z":180.22918701171876},"rotation":{"x":-0.04946783185005188,"y":0.39977845549583437,"z":-0.02161340042948723,"w":-0.9150217175483704},"size":2.7128944396972658,"orthographic":false}