{"cameraMode":{"drawMode":0,"name":"Shaded","section":"Shading Mode"},"sceneLighting":true,"audioPlay":false,"sceneViewState":{"showFog":true,"showMaterialUpdate":false,"showSkybox":true,"showFlares":true,"showImageEffects":true,"showParticleSystems":true,"showVisualEffectGraphs":true,"m_FxEnabled":false},"in2DMode":false,"pivot":{"x":459.0337219238281,"y":230.29052734375,"z":-250.00099182128907},"rotation":{"x":-0.012309247627854348,"y":0.0020969242323189975,"z":-0.00002572103767306544,"w":-0.9999244809150696},"size":45.80137634277344,"orthographic":false}