{"cameraMode":{"drawMode":0,"name":"Shaded","section":"Shading Mode"},"sceneLighting":true,"audioPlay":false,"sceneViewState":{"showFog":true,"showMaterialUpdate":false,"showSkybox":true,"showFlares":true,"showImageEffects":true,"showParticleSystems":true,"showVisualEffectGraphs":true,"m_FxEnabled":false},"in2DMode":false,"pivot":{"x":422.10870361328127,"y":181.23187255859376,"z":2078.5810546875},"rotation":{"x":0.004499830771237612,"y":-0.008999647572636605,"z":0.0000405386854254175,"w":0.9999496340751648},"size":1246.3851318359375,"orthographic":false}