{"cameraMode":{"drawMode":0,"name":"Shaded","section":"Shading Mode"},"sceneLighting":true,"audioPlay":false,"sceneViewState":{"showFog":true,"showMaterialUpdate":false,"showSkybox":true,"showFlares":true,"showImageEffects":true,"showParticleSystems":true,"showVisualEffectGraphs":true,"m_FxEnabled":true},"in2DMode":false,"pivot":{"x":-323.31756591796877,"y":41.661460876464847,"z":38.9661865234375},"rotation":{"x":0.14677694439888,"y":-0.0026601008139550688,"z":0.0003946514625567943,"w":0.9891676306724548},"size":58.07012939453125,"orthographic":false}