{"cameraMode":{"drawMode":0,"name":"Shaded","section":"Shading Mode"},"sceneLighting":true,"audioPlay":false,"sceneViewState":{"showFog":true,"showMaterialUpdate":false,"showSkybox":true,"showFlares":true,"showImageEffects":true,"showParticleSystems":true,"showVisualEffectGraphs":true,"m_FxEnabled":true},"in2DMode":false,"pivot":{"x":-318.75042724609377,"y":31.486339569091798,"z":10.80072021484375},"rotation":{"x":0.25532975792884829,"y":0.02930065616965294,"z":-0.007741822861135006,"w":0.9663815498352051},"size":48.969566345214847,"orthographic":false}