{"cameraMode":{"drawMode":0,"name":"Shaded","section":"Shading Mode"},"sceneLighting":true,"audioPlay":false,"sceneViewState":{"showFog":true,"showMaterialUpdate":false,"showSkybox":true,"showFlares":true,"showImageEffects":true,"showParticleSystems":true,"showVisualEffectGraphs":true,"m_FxEnabled":false},"in2DMode":false,"pivot":{"x":-322.0689697265625,"y":70.5416259765625,"z":-1.6793506145477296},"rotation":{"x":-0.0015000049024820328,"y":0.0015001280698925257,"z":0.0000022885262751515258,"w":0.9999985098838806},"size":6.578629016876221,"orthographic":false}