{"cameraMode":{"drawMode":0,"name":"Shaded","section":"Shading Mode"},"sceneLighting":true,"audioPlay":false,"sceneViewState":{"showFog":true,"showMaterialUpdate":false,"showSkybox":true,"showFlares":true,"showImageEffects":true,"showParticleSystems":true,"showVisualEffectGraphs":true,"m_FxEnabled":true},"in2DMode":false,"pivot":{"x":-324.16754150390627,"y":72.40306091308594,"z":-67.69696807861328},"rotation":{"x":-0.17927995324134828,"y":0.024195753037929536,"z":-0.004410633817315102,"w":-0.9834909439086914},"size":2.2905421257019045,"orthographic":false}