{"cameraMode":{"drawMode":0,"name":"Shaded","section":"Shading Mode"},"sceneLighting":false,"audioPlay":false,"sceneViewState":{"showFog":true,"showMaterialUpdate":true,"showSkybox":false,"showFlares":true,"showImageEffects":true,"showParticleSystems":true,"showVisualEffectGraphs":true,"m_FxEnabled":true},"in2DMode":false,"pivot":{"x":219.85797119140626,"y":342.1034240722656,"z":-211.56649780273438},"rotation":{"x":-0.04220966994762421,"y":0.47528591752052309,"z":-0.022836335003376008,"w":-0.8785227537155151},"size":0.6138218641281128,"orthographic":false}