{"cameraMode":{"drawMode":0,"name":"Shaded","section":"Shading Mode"},"sceneLighting":false,"audioPlay":false,"sceneViewState":{"showFog":true,"showMaterialUpdate":true,"showSkybox":false,"showFlares":true,"showImageEffects":true,"showParticleSystems":true,"showVisualEffectGraphs":true,"m_FxEnabled":true},"in2DMode":false,"pivot":{"x":405.9116516113281,"y":343.6559753417969,"z":-251.8873291015625},"rotation":{"x":0.0005398505600169301,"y":0.9986297488212586,"z":-0.051284309476614,"w":0.010501456446945668},"size":0.08121562004089356,"orthographic":false}